complexity,human_accuracy,llm_accuracy,human_avg_time,llm_avg_time,human_avg_cost,llm_avg_cost,human_sample_size,llm_sample_size
easy,0.43333333333333335,0.8092592592592592,185.6,54.78225925925927,1.2888888888888888,0.0,30,30
medium,0.6666666666666666,0.7925925925925927,179.46666666666667,52.78192592592593,1.246296296296296,0.0,30,30
hard,0.8,0.8037037037037036,133.56666666666666,47.39405555555556,0.9275462962962963,0.0,30,30
