human_accuracy,llm_accuracy,accuracy_difference,human_avg_time_sec,llm_avg_time_sec,time_speedup_factor,human_avg_cost_usd,llm_avg_cost_usd,cost_efficiency_ratio
0.6333333333333333,0.801851851851852,0.16851851851851873,166.2111111111111,51.652746913580245,3.2178561846710196,1.3850925925925925,0.0,inf
