quality_condition,human_accuracy,llm_accuracy,human_avg_time,llm_avg_time,human_avg_cost,llm_avg_cost,human_sample_size,llm_sample_size
Q0,0.6666666666666666,0.8679012345679009,154.42222222222222,47.12714814814816,1.2868518518518517,0.0,45,45
Q1,0.7333333333333333,0.8,176.4,56.9025925925926,1.4700000000000002,0.0,15,15
Q2,0.5333333333333333,0.6,169.73333333333332,58.58303703703703,1.4144444444444446,0.0,15,15
Q3,0.5333333333333333,0.8074074074074074,187.86666666666667,53.04940740740741,1.5655555555555554,0.0,15,15
